loan_id,customer_id,risk_state,segment,days_in_arrears,instalments_in_arrears,remaining_months,within_term_default_prob,urgency
LN726960,ANON_82F5D3CC4D,High,RETAIL,44,2,61,0.8429350630308394,CRITICAL
LN641634,ANON_ECE8E7730E,High,RETAIL,46,4,239,0.8429350630308394,CRITICAL
LN272351,ANON_D65BC73D1D,High,SME,42,2,118,0.8429350630308394,CRITICAL
LN471716,ANON_A5F8A59984,High,RETAIL,75,2,60,0.8429350630308394,CRITICAL
LN632531,ANON_5EE4626E6C,High,RETAIL,67,2,60,0.8429350630308394,CRITICAL
LN799330,ANON_880D057A92,High,RETAIL,68,3,80,0.8429350630308394,CRITICAL
LN737920,ANON_84D5770373,High,RETAIL,75,2,82,0.8429350630308394,CRITICAL
LN206472,ANON_882790E6F6,High,RETAIL,71,2,58,0.8411084847463596,CRITICAL
LN606229,ANON_EF6FDD0C46,High,RETAIL,68,4,55,0.8382248379153232,CRITICAL
LN446845,ANON_E0C0A5675B,High,RETAIL,79,4,55,0.8382248379153232,CRITICAL
LN261794,ANON_7EB5500AD2,High,RETAIL,82,3,54,0.8372236752395258,CRITICAL
LN266258,ANON_C4686D63B3,High,RETAIL,39,2,54,0.8372236752395258,CRITICAL
LN120482,ANON_1A1172DB2E,High,RETAIL,59,4,54,0.8372236752395258,CRITICAL
LN289158,ANON_93FBFF4E3B,High,RETAIL,78,3,54,0.8372236752395258,CRITICAL
LN292010,ANON_FAB7475738,High,RETAIL,73,3,53,0.8362018431130321,CRITICAL
LN756529,ANON_5DE3C21F97,High,RETAIL,66,3,49,0.8318990048846651,CRITICAL
LN309920,ANON_8F66D6CC33,High,RETAIL,53,3,48,0.8307671106349903,CRITICAL
LN353039,ANON_8DFACB6ADC,High,RETAIL,55,4,47,0.8296117720160425,CRITICAL
LN917511,ANON_CF2E80435C,High,RETAIL,52,4,46,0.8284324756363383,CRITICAL
LN743830,ANON_67A871CC38,High,RETAIL,45,2,46,0.8284324756363383,CRITICAL
LN377252,ANON_141DD4AB22,High,RETAIL,50,3,44,0.8259998549014935,CRITICAL
LN608490,ANON_76BB8B26D9,High,RETAIL,45,3,40,0.8208218862786989,CRITICAL
LN637581,ANON_35DEE22BF7,High,RETAIL,35,3,36,0.8151887519173966,CRITICAL
LN105457,ANON_21FCCB56A3,High,RETAIL,63,3,36,0.8151887519173966,CRITICAL
LN539088,ANON_09AEB9527A,High,RETAIL,44,4,34,0.8121823868485857,CRITICAL
LN462139,ANON_0E602C674D,High,RETAIL,71,2,32,0.8090344083822222,CRITICAL
LN519250,ANON_48F8D9A209,High,RETAIL,74,2,32,0.8090344083822222,CRITICAL
LN501717,ANON_09CB6BBF3C,High,RETAIL,38,4,27,0.8004091442613035,CRITICAL
LN414127,ANON_D13088D30A,High,RETAIL,84,4,24,0.7945129324035601,CRITICAL
LN883901,ANON_DE78A86E98,High,RETAIL,55,4,19,0.7823472026078566,CRITICAL
LN378975,ANON_4A1A63DFFD,High,RETAIL,44,2,17,0.7758966289444542,CRITICAL
LN439853,ANON_C8108E59B0,High,RETAIL,56,2,16,0.7720724143245115,CRITICAL
LN529768,ANON_A17AE4A99D,High,SME,72,3,16,0.7720724143245115,CRITICAL
LN189353,ANON_18E7A9E501,High,RETAIL,79,2,14,0.762613310255289,CRITICAL
LN593153,ANON_0A9A36765E,High,UNKNOWN,77,2,12,0.7494020147697881,High urgency
LN969383,ANON_81B61C7C89,High,UNKNOWN,78,3,12,0.7494020147697881,High urgency
LN342603,ANON_9D8FCE4E04,High,RETAIL,88,3,12,0.7494020147697881,High urgency
LN768993,ANON_30F7F0AA15,High,UNKNOWN,77,4,12,0.7494020147697881,High urgency
LN335113,ANON_BF8319A44D,High,UNKNOWN,87,3,12,0.7494020147697881,High urgency
LN853584,ANON_D985E43E0D,High,UNKNOWN,45,2,12,0.7494020147697881,High urgency
LN823826,ANON_4532B91804,High,UNKNOWN,86,3,12,0.7494020147697881,High urgency
LN534953,ANON_96F422FB97,High,UNKNOWN,87,3,12,0.7494020147697881,High urgency
LN529802,ANON_D958CE32BF,High,RETAIL,61,4,8,0.6986437890092725,High urgency
LN760217,ANON_5644837F7B,High,RETAIL,63,2,8,0.6986437890092725,High urgency
LN276028,ANON_DF1A944260,High,RETAIL,62,2,7,0.6760830061505241,High urgency
LN644830,ANON_E0BB3C305C,Medium,RETAIL,28,2,243,0.6743060110577099,High urgency
LN965171,ANON_76AB36B3E4,Medium,RETAIL,24,2,60,0.6743060110577099,High urgency
LN455906,ANON_165F141460,Medium,RETAIL,10,2,60,0.6743060110577099,High urgency
LN332831,ANON_28A7E44581,Medium,RETAIL,26,2,230,0.6743060110577099,High urgency
LN336206,ANON_AB69C9105C,Medium,RETAIL,12,2,60,0.6743060110577099,High urgency
LN337419,ANON_F6EAC09600,Medium,RETAIL,10,1,60,0.6743060110577099,High urgency
LN117068,ANON_F3E30146B3,Medium,RETAIL,18,2,60,0.6743060110577099,High urgency
LN509327,ANON_51DCD08A35,Medium,SME,22,1,61,0.6743060110577099,High urgency
LN190886,ANON_4DD57E1BD4,Medium,RETAIL,25,2,60,0.6743060110577099,High urgency
LN254976,ANON_35A4A19B46,Medium,RETAIL,20,2,60,0.6743060110577099,High urgency
LN439333,ANON_2617A532C6,Medium,RETAIL,5,2,61,0.6743060110577099,High urgency
LN731214,ANON_DCA7DE5345,Medium,RETAIL,18,2,161,0.6743060110577099,High urgency
LN889965,ANON_D3EDEB6B09,Medium,RETAIL,23,1,57,0.6608870974013273,High urgency
LN359244,ANON_972BA6138E,Medium,AGRICULTURE,23,1,56,0.656228344579378,High urgency
LN431327,ANON_6702BE7ABA,Medium,RETAIL,29,2,56,0.656228344579378,High urgency
LN937116,ANON_AF1C5C17F1,Medium,RETAIL,30,1,56,0.656228344579378,High urgency
LN933444,ANON_909AB79C82,Medium,RETAIL,12,1,55,0.6514734932119606,High urgency
LN532747,ANON_9A154AD961,Medium,RETAIL,27,2,55,0.6514734932119606,High urgency
LN816572,ANON_945B1C2563,Medium,RETAIL,20,1,54,0.646620557936065,High urgency
LN996302,ANON_5F25152A73,High,SME,81,4,6,0.6464319976975581,High urgency
LN682247,ANON_489C2CF9EE,Medium,RETAIL,18,1,53,0.6416675114396159,High urgency
LN431640,ANON_C0C9943302,Medium,RETAIL,12,2,53,0.6416675114396159,High urgency
LN845979,ANON_2B1E7E507C,Medium,RETAIL,9,1,53,0.6416675114396159,High urgency
LN284453,ANON_5D5C02DE05,Medium,RETAIL,17,2,53,0.6416675114396159,High urgency
LN207490,ANON_A37D9BD6B1,Medium,RETAIL,14,2,52,0.6366122832941596,High urgency
LN820944,ANON_45C95643AC,Medium,RETAIL,12,1,52,0.6366122832941596,High urgency
LN741079,ANON_2FA862D332,Medium,RETAIL,10,1,51,0.6314527586722665,High urgency
LN351723,ANON_37D4C35C0B,Medium,RETAIL,24,2,51,0.6314527586722665,High urgency
LN631771,ANON_78CD2CD203,Medium,RETAIL,10,1,51,0.6314527586722665,High urgency
LN271541,ANON_1AC1C242DD,Medium,RETAIL,22,2,51,0.6314527586722665,High urgency
LN671671,ANON_3506FC4543,Medium,RETAIL,22,2,50,0.6261867769197287,High urgency
LN798412,ANON_FA991234C6,Medium,RETAIL,17,2,50,0.6261867769197287,High urgency
LN951641,ANON_B2A8F96CC3,Medium,RETAIL,17,2,50,0.6261867769197287,High urgency
LN740644,ANON_7B50065F69,Medium,RETAIL,18,2,49,0.6208121299437119,High urgency
LN119604,ANON_E58118728C,Medium,RETAIL,7,2,47,0.609727759378423,High urgency
LN124813,ANON_7E67B9B781,Medium,RETAIL,23,1,46,0.6040133642070976,High urgency
LN175408,ANON_4550CF1813,Medium,RETAIL,18,1,45,0.5981809550879864,High urgency
LN400380,ANON_06B69480BD,Medium,RETAIL,18,2,45,0.5981809550879864,High urgency
LN226964,ANON_AD87C38306,Medium,RETAIL,18,1,45,0.5981809550879864,High urgency
LN377443,ANON_54A3C90982,Medium,RETAIL,9,2,44,0.5922280515960092,High urgency
LN615968,ANON_5E2402E7FC,Medium,RETAIL,8,1,44,0.5922280515960092,High urgency
LN968997,ANON_2572C0535F,Medium,RETAIL,8,2,44,0.5922280515960092,High urgency
LN261156,ANON_A72B4A707A,Medium,RETAIL,19,1,43,0.5861521081480074,High urgency
LN288054,ANON_5C60DF0E70,Medium,RETAIL,26,2,43,0.5861521081480074,High urgency
LN328628,ANON_06FFCAA66B,Medium,RETAIL,13,1,42,0.5799505084325531,High urgency
LN960250,ANON_C23D183D87,Medium,RETAIL,22,1,42,0.5799505084325531,High urgency
LN687294,ANON_DB0DAC82DF,Medium,RETAIL,22,2,42,0.5799505084325531,High urgency
LN589977,ANON_0E9BC37494,Medium,RETAIL,26,1,42,0.5799505084325531,High urgency
LN495037,ANON_E47AC627F4,Medium,RETAIL,14,1,42,0.5799505084325531,High urgency
LN390794,ANON_35766BCCF8,Medium,RETAIL,11,1,40,0.5671594777423483,High urgency
LN439892,ANON_19B888D074,Medium,RETAIL,19,1,38,0.5538323003728872,High urgency
LN202400,ANON_51BC374722,High,RETAIL,73,2,4,0.553041826099465,High urgency
LN802982,ANON_B0F0953AB8,Medium,RETAIL,12,2,37,0.5469600944226474,High urgency
LN747986,ANON_AE25E698E2,Medium,RETAIL,10,2,36,0.5399444978173331,High urgency
LN512077,ANON_5A04F880B1,Medium,RETAIL,19,1,36,0.5399444978173331,High urgency
LN434820,ANON_6E52937005,Medium,RETAIL,24,2,35,0.5327820549234018,High urgency
LN653002,ANON_D2A65ABB71,Medium,SME,23,1,34,0.5254690884705332,High urgency
LN873423,ANON_D69C7E01B8,Medium,RETAIL,11,1,34,0.5254690884705332,High urgency
LN820480,ANON_1E234C54AB,Medium,RETAIL,23,2,33,0.5180016496155794,High urgency
LN956078,ANON_50E27C0B32,Medium,AGRICULTURE,19,1,33,0.5180016496155794,High urgency
LN928224,ANON_65578A277F,Medium,RETAIL,6,2,32,0.5103754533039091,High urgency
LN416202,ANON_F880B51D76,Medium,RETAIL,6,1,31,0.5025857945140658,High urgency
LN206862,ANON_64037C0F42,Medium,RETAIL,17,2,31,0.5025857945140658,High urgency
LN872505,ANON_0D7053CBB5,Medium,RETAIL,17,2,31,0.5025857945140658,High urgency
LN781526,ANON_9FEBA26949,Medium,RETAIL,17,2,30,0.49462743965189115,Medium urgency
LN918124,ANON_C73E854C16,Medium,RETAIL,11,2,30,0.49462743965189115,Medium urgency
LN496240,ANON_E6E4633B7F,High,RETAIL,45,4,3,0.4786189189371133,Medium urgency
LN831063,ANON_D760E06501,High,RETAIL,83,4,3,0.4786189189371133,Medium urgency
LN837676,ANON_800BDB48B1,High,RETAIL,52,3,3,0.4786189189371133,Medium urgency
LN449198,ANON_4A42CB3895,High,AGRICULTURE,54,2,3,0.4786189189371133,Medium urgency
LN529141,ANON_90D94549C9,High,RETAIL,49,4,3,0.4786189189371133,Medium urgency
LN474602,ANON_B565CF30E9,High,RETAIL,38,2,3,0.4786189189371133,Medium urgency
LN481484,ANON_2667D64F21,High,RETAIL,72,4,3,0.4786189189371133,Medium urgency
LN486916,ANON_559643F509,High,RETAIL,84,2,3,0.4786189189371133,Medium urgency
LN826908,ANON_927BB99BFC,High,RETAIL,65,3,3,0.4786189189371133,Medium urgency
LN442182,ANON_93CA5E55AE,High,RETAIL,51,3,3,0.4786189189371133,Medium urgency
LN349908,ANON_691B2B6AD9,High,RETAIL,77,3,3,0.4786189189371133,Medium urgency
LN503927,ANON_F74C93D956,High,RETAIL,44,2,3,0.4786189189371133,Medium urgency
LN653560,ANON_9B4F507A33,High,RETAIL,39,4,3,0.4786189189371133,Medium urgency
LN968639,ANON_FDE5EB85A3,High,RETAIL,89,4,3,0.4786189189371133,Medium urgency
LN282195,ANON_230A9AA9F2,High,RETAIL,77,3,3,0.4786189189371133,Medium urgency
LN344794,ANON_B05DE97FA9,High,RETAIL,73,4,3,0.4786189189371133,Medium urgency
LN277821,ANON_905DE5DA65,High,RETAIL,60,2,3,0.4786189189371133,Medium urgency
LN169132,ANON_E4DB5D0F5C,High,SME,80,2,3,0.4786189189371133,Medium urgency
LN929493,ANON_1A4CC48E99,High,RETAIL,62,2,3,0.4786189189371133,Medium urgency
LN793208,ANON_E11AD2D0B4,High,RETAIL,58,2,3,0.4786189189371133,Medium urgency
LN647496,ANON_AAF95B062E,High,RETAIL,35,4,3,0.4786189189371133,Medium urgency
LN740790,ANON_5DBECCDF3C,High,RETAIL,90,4,3,0.4786189189371133,Medium urgency
LN365926,ANON_7432C391B1,High,RETAIL,80,2,3,0.4786189189371133,Medium urgency
LN369236,ANON_48743416B6,High,RETAIL,49,4,3,0.4786189189371133,Medium urgency
LN683982,ANON_88680CC897,High,RETAIL,79,3,3,0.4786189189371133,Medium urgency
LN733564,ANON_E979946B18,High,RETAIL,75,4,3,0.4786189189371133,Medium urgency
LN576489,ANON_FCC33D74AC,High,RETAIL,80,2,3,0.4786189189371133,Medium urgency
LN914120,ANON_F1DC4CBC66,High,RETAIL,88,4,3,0.4786189189371133,Medium urgency
LN916338,ANON_DCD5656C74,Medium,RETAIL,8,1,28,0.478180177129515,Medium urgency
LN854272,ANON_057AA65D21,Medium,RETAIL,28,1,27,0.46967666909677275,Medium urgency
LN523965,ANON_C2C3126495,Medium,RETAIL,21,1,26,0.46097471905684856,Medium urgency
LN793491,ANON_1A18654154,Medium,RETAIL,29,1,24,0.44292902103228143,Medium urgency
LN433222,ANON_0401E557DF,Medium,RETAIL,17,2,24,0.44292902103228143,Medium urgency
LN626573,ANON_E3C34C794D,Medium,RETAIL,5,2,24,0.44292902103228143,Medium urgency
LN296636,ANON_0C85F0E111,Medium,AGRICULTURE,29,1,23,0.43355558064317223,Medium urgency
LN184291,ANON_88BAA9EF9C,Medium,RETAIL,22,1,23,0.43355558064317223,Medium urgency
LN142714,ANON_925C460471,Medium,RETAIL,24,1,23,0.43355558064317223,Medium urgency
LN439958,ANON_D709081666,Medium,RETAIL,10,1,23,0.43355558064317223,Medium urgency
LN349686,ANON_300A630869,Medium,RETAIL,23,2,22,0.423922776675944,Medium urgency
LN411087,ANON_C5BF5E861E,Medium,RETAIL,8,1,21,0.41400545001211164,Medium urgency
LN483059,ANON_7856B5E595,Medium,RETAIL,8,2,21,0.41400545001211164,Medium urgency
LN111808,ANON_B7AF2F4B78,Medium,RETAIL,18,1,19,0.393182709050764,Medium urgency
LN125661,ANON_B3CF570B91,High,RETAIL,88,3,2,0.3736214703754679,Medium urgency
LN808401,ANON_5FA3FD02A6,High,RETAIL,61,4,2,0.3736214703754679,Medium urgency
LN788005,ANON_390CE5B800,High,RETAIL,55,2,2,0.3736214703754679,Medium urgency
LN517053,ANON_11616D46F9,High,RETAIL,86,2,2,0.3736214703754679,Medium urgency
LN639141,ANON_DA1798AE6C,High,RETAIL,52,2,2,0.3736214703754679,Medium urgency
LN530172,ANON_AA4E1BDFE9,High,RETAIL,60,4,2,0.3736214703754679,Medium urgency
LN184511,ANON_DC66F91C81,High,RETAIL,86,2,2,0.3736214703754679,Medium urgency
LN859397,ANON_5B70B2D2F1,High,RETAIL,41,2,2,0.3736214703754679,Medium urgency
LN349235,ANON_3B27637258,High,RETAIL,42,3,2,0.3736214703754679,Medium urgency
LN874710,ANON_4A04C446C6,High,RETAIL,52,3,2,0.3736214703754679,Medium urgency
LN885804,ANON_9869D064DA,High,RETAIL,42,4,2,0.3736214703754679,Medium urgency
LN983498,ANON_8D8C59A4EA,High,RETAIL,75,4,2,0.3736214703754679,Medium urgency
LN226232,ANON_695414F088,High,RETAIL,36,2,2,0.3736214703754679,Medium urgency
LN372037,ANON_486EE3F4A9,High,RETAIL,81,2,2,0.3736214703754679,Medium urgency
LN477948,ANON_6888DC80EC,Medium,RETAIL,24,1,17,0.3707210736777539,Medium urgency
LN133282,ANON_551E557390,Medium,UNKNOWN,25,1,12,0.3026010809100447,Medium urgency
LN565330,ANON_C9A2E0D27B,Medium,CORPORATE,22,2,12,0.3026010809100447,Medium urgency
LN402843,ANON_8743BF6BAD,Medium,UNKNOWN,8,1,12,0.3026010809100447,Medium urgency
LN387918,ANON_2E906281B4,Medium,UNKNOWN,22,2,12,0.3026010809100447,Medium urgency
LN243790,ANON_7282E10BD4,Medium,SME,5,1,12,0.3026010809100447,Medium urgency
LN670133,ANON_32760CDB5D,Medium,UNKNOWN,17,2,12,0.3026010809100447,Medium urgency
LN353448,ANON_1C10A696BA,Medium,UNKNOWN,24,1,12,0.3026010809100447,Medium urgency
LN312145,ANON_2FC4676935,Medium,UNKNOWN,30,1,12,0.3026010809100447,Medium urgency
LN678685,ANON_A9F40AE01C,Medium,UNKNOWN,23,1,12,0.3026010809100447,Medium urgency
LN753005,ANON_51CF200A4A,Medium,UNKNOWN,18,1,12,0.3026010809100447,Medium urgency
LN852804,ANON_C1340E1E09,Medium,UNKNOWN,18,1,12,0.3026010809100447,Medium urgency
LN947160,ANON_C764BA23CF,Medium,UNKNOWN,30,1,12,0.3026010809100447,Medium urgency
LN620989,ANON_C2ACD50F19,Medium,UNKNOWN,15,1,12,0.3026010809100447,Medium urgency
LN812418,ANON_2B3DE875FF,Medium,UNKNOWN,7,2,12,0.3026010809100447,Medium urgency
LN764689,ANON_05A0CE6639,Medium,RETAIL,6,2,11,0.2856273818651828,Medium urgency
LN618211,ANON_D7F6E58688,Medium,RETAIL,10,1,8,0.22291040002663698,Medium urgency
LN754347,ANON_2A99491FDA,High,RETAIL,88,3,1,0.2224123182207014,Medium urgency
LN915904,ANON_572EDC2A00,High,RETAIL,75,2,1,0.2224123182207014,Medium urgency
LN964774,ANON_50B63592DB,High,RETAIL,75,4,1,0.2224123182207014,Medium urgency
LN736648,ANON_56A15A2E34,High,RETAIL,77,4,1,0.2224123182207014,Medium urgency
LN335730,ANON_7A5A5F687B,High,RETAIL,69,3,1,0.2224123182207014,Medium urgency
LN104533,ANON_0779AA4072,High,RETAIL,41,4,1,0.2224123182207014,Medium urgency
LN894243,ANON_09C653EAA8,High,RETAIL,54,4,1,0.2224123182207014,Medium urgency
LN225728,ANON_80EBD7C7FE,High,RETAIL,85,2,1,0.2224123182207014,Medium urgency
LN325770,ANON_EF1C3D4FBE,High,RETAIL,70,2,1,0.2224123182207014,Medium urgency
LN945728,ANON_26F216C901,High,RETAIL,82,3,1,0.2224123182207014,Medium urgency
LN114028,ANON_3E93A6B277,High,RETAIL,88,4,1,0.2224123182207014,Medium urgency
LN938747,ANON_6AC3685F6E,High,RETAIL,66,2,1,0.2224123182207014,Medium urgency
LN308642,ANON_ED264F6092,High,SME,60,3,1,0.2224123182207014,Medium urgency
LN938237,ANON_396E7EE27D,High,RETAIL,50,2,1,0.2224123182207014,Medium urgency
LN743887,ANON_090F305028,High,RETAIL,40,2,1,0.2224123182207014,Medium urgency
LN304676,ANON_A84831C4C3,High,RETAIL,45,3,1,0.2224123182207014,Medium urgency
LN179796,ANON_D6FCB36092,High,RETAIL,86,3,1,0.2224123182207014,Medium urgency
LN771176,ANON_EB043F62A4,High,RETAIL,43,4,1,0.2224123182207014,Medium urgency
LN284377,ANON_511AF5836D,High,RETAIL,51,3,1,0.2224123182207014,Medium urgency
LN501415,ANON_44251F5550,High,RETAIL,89,4,1,0.2224123182207014,Medium urgency
LN817125,ANON_F379EDCCE2,High,RETAIL,46,3,1,0.2224123182207014,Medium urgency
LN795983,ANON_CE5C1616C7,High,RETAIL,62,3,1,0.2224123182207014,Medium urgency
LN538897,ANON_352B91BA74,High,RETAIL,43,2,1,0.2224123182207014,Medium urgency
LN102650,ANON_0259DF5BEB,High,RETAIL,81,3,1,0.2224123182207014,Medium urgency
LN500004,ANON_DFE56B0709,High,RETAIL,62,2,1,0.2224123182207014,Medium urgency
LN450483,ANON_F763224A38,High,RETAIL,83,4,1,0.2224123182207014,Medium urgency
LN400620,ANON_CEA2779F49,High,RETAIL,51,3,1,0.2224123182207014,Medium urgency
LN393138,ANON_6184AD0B7A,High,Institutional Banking,36,3,1,0.2224123182207014,Medium urgency
LN457395,ANON_B054DF38D1,High,RETAIL,68,3,1,0.2224123182207014,Medium urgency
LN841136,ANON_976CB15685,High,RETAIL,47,4,1,0.2224123182207014,Medium urgency
LN369534,ANON_34CA5AB6B5,High,RETAIL,62,4,1,0.2224123182207014,Medium urgency
LN596994,ANON_1C350DFF7E,High,RETAIL,71,4,1,0.2224123182207014,Medium urgency
LN361515,ANON_D8C6156B1B,High,RETAIL,76,2,1,0.2224123182207014,Medium urgency
LN356419,ANON_12281CEBAD,High,RETAIL,39,3,1,0.2224123182207014,Medium urgency
LN970993,ANON_50D9E20280,High,RETAIL,51,2,1,0.2224123182207014,Medium urgency
LN865959,ANON_598AF54A44,Medium,RETAIL,20,1,4,0.09878942318819027,Low urgency
LN565275,ANON_0D0A57354E,Medium,SME,27,1,4,0.09878942318819027,Low urgency
LN494474,ANON_E2502AF212,Medium,SME,6,2,4,0.09878942318819027,Low urgency
LN231224,ANON_412B950A4E,Medium,RETAIL,13,1,4,0.09878942318819027,Low urgency
LN840680,ANON_BDF3B09B86,Medium,RETAIL,5,2,3,0.061530112323623994,Low urgency
LN843682,ANON_9715D5C332,Medium,RETAIL,24,1,3,0.061530112323623994,Low urgency
LN956534,ANON_E0BC25C9D5,Medium,RETAIL,14,2,3,0.061530112323623994,Low urgency
LN831569,ANON_CDC8BBC65F,Medium,RETAIL,18,1,3,0.061530112323623994,Low urgency
LN888616,ANON_A39F1D87EA,Medium,RETAIL,30,1,3,0.061530112323623994,Low urgency
LN871399,ANON_40912D9AD1,Medium,RETAIL,11,2,3,0.061530112323623994,Low urgency
LN718836,ANON_3A1729BBEB,Medium,RETAIL,29,2,3,0.061530112323623994,Low urgency
LN744380,ANON_737304AFA9,Medium,RETAIL,21,2,3,0.061530112323623994,Low urgency
LN929414,ANON_DD546A6FCB,Medium,RETAIL,15,2,3,0.061530112323623994,Low urgency
LN920138,ANON_C9D6A00187,Medium,RETAIL,8,2,3,0.061530112323623994,Low urgency
LN806693,ANON_7BA2D89BCA,Medium,RETAIL,9,2,3,0.061530112323623994,Low urgency
LN875291,ANON_67DE87F6F7,Medium,RETAIL,30,1,3,0.061530112323623994,Low urgency
LN795556,ANON_3FE41BF9AC,Medium,RETAIL,13,2,3,0.061530112323623994,Low urgency
LN912247,ANON_3D739CE54A,Medium,RETAIL,16,2,3,0.061530112323623994,Low urgency
LN909197,ANON_02115B7F45,Medium,RETAIL,12,2,3,0.061530112323623994,Low urgency
LN985560,ANON_C15923A6B1,Medium,RETAIL,21,2,3,0.061530112323623994,Low urgency
LN873015,ANON_B67EAB0E9A,Medium,RETAIL,6,1,3,0.061530112323623994,Low urgency
LN996336,ANON_0F36CCCD00,Medium,RETAIL,23,1,3,0.061530112323623994,Low urgency
LN576882,ANON_762BB8AB9D,Medium,RETAIL,5,2,3,0.061530112323623994,Low urgency
LN196109,ANON_ED9B095CD3,Medium,RETAIL,7,1,3,0.061530112323623994,Low urgency
LN202737,ANON_B8C58028D3,Medium,RETAIL,5,1,3,0.061530112323623994,Low urgency
LN609950,ANON_6E3AEFF0E8,Medium,RETAIL,30,2,3,0.061530112323623994,Low urgency
LN598558,ANON_01ABCE3C33,Medium,RETAIL,17,2,3,0.061530112323623994,Low urgency
LN577538,ANON_06D50FEAD0,Medium,RETAIL,11,1,3,0.061530112323623994,Low urgency
LN240335,ANON_2A483DF636,Medium,RETAIL,6,2,3,0.061530112323623994,Low urgency
LN263145,ANON_6B8004C327,Medium,RETAIL,5,1,3,0.061530112323623994,Low urgency
LN553196,ANON_442889528A,Medium,RETAIL,22,2,3,0.061530112323623994,Low urgency
LN546380,ANON_A9EAF48FEA,Medium,RETAIL,16,1,3,0.061530112323623994,Low urgency
LN544252,ANON_6EA55E36DF,Medium,RETAIL,27,1,3,0.061530112323623994,Low urgency
LN541272,ANON_F33D4B81B8,Medium,RETAIL,22,1,3,0.061530112323623994,Low urgency
LN505527,ANON_781BF2A5C7,Medium,RETAIL,25,2,3,0.061530112323623994,Low urgency
LN497422,ANON_CE31FC219F,Medium,RETAIL,18,2,3,0.061530112323623994,Low urgency
LN481189,ANON_C1BF18923F,Medium,RETAIL,14,1,3,0.061530112323623994,Low urgency
LN293540,ANON_B9538A7FE5,Medium,RETAIL,17,2,3,0.061530112323623994,Low urgency
LN306748,ANON_1274CE9D86,Medium,RETAIL,20,2,3,0.061530112323623994,Low urgency
LN453245,ANON_F09C55EE3B,Medium,SME,9,1,3,0.061530112323623994,Low urgency
LN335455,ANON_C63C537A5D,Medium,RETAIL,14,2,3,0.061530112323623994,Low urgency
LN416693,ANON_670C4B8601,Medium,RETAIL,15,1,3,0.061530112323623994,Low urgency
LN391685,ANON_8F19A05CDB,Medium,RETAIL,28,2,3,0.061530112323623994,Low urgency
LN612878,ANON_F202FEEB4F,Medium,RETAIL,13,1,3,0.061530112323623994,Low urgency
LN344153,ANON_35FCE82CA8,Medium,RETAIL,21,1,3,0.061530112323623994,Low urgency
LN622600,ANON_3D2774BFA0,Medium,RETAIL,23,1,3,0.061530112323623994,Low urgency
LN193978,ANON_C124548096,Medium,RETAIL,13,2,3,0.061530112323623994,Low urgency
LN670945,ANON_105E262BA1,Medium,RETAIL,27,2,3,0.061530112323623994,Low urgency
LN678600,ANON_8E0A705953,Medium,RETAIL,25,2,3,0.061530112323623994,Low urgency
LN646797,ANON_F6197B948A,Medium,RETAIL,7,1,3,0.061530112323623994,Low urgency
LN684054,ANON_C3CC1B5B1F,Medium,RETAIL,25,2,3,0.061530112323623994,Low urgency
LN167721,ANON_E395C446C5,Medium,RETAIL,24,2,3,0.061530112323623994,Low urgency
LN138930,ANON_276D074748,Medium,RETAIL,26,2,3,0.061530112323623994,Low urgency
LN160334,ANON_42D141F5FD,Medium,RETAIL,16,1,3,0.061530112323623994,Low urgency
LN645050,ANON_2C05700227,Medium,RETAIL,15,1,3,0.061530112323623994,Low urgency
LN713401,ANON_49DBDB60CA,Medium,RETAIL,6,1,3,0.061530112323623994,Low urgency
LN641105,ANON_1A547616C3,Medium,RETAIL,12,1,3,0.061530112323623994,Low urgency
LN623090,ANON_A6E563FE73,Medium,RETAIL,20,2,3,0.061530112323623994,Low urgency
LN124176,ANON_90EAEFCBB2,Medium,RETAIL,21,2,2,0.02639003657589597,Low urgency
LN866472,ANON_DD3C69A4E7,Medium,RETAIL,19,1,2,0.02639003657589597,Low urgency
LN853475,ANON_F2881B33BA,Medium,RETAIL,27,1,2,0.02639003657589597,Low urgency
LN899872,ANON_47399B0192,Medium,RETAIL,24,1,2,0.02639003657589597,Low urgency
LN131799,ANON_3DE1BB83C1,Medium,RETAIL,7,2,2,0.02639003657589597,Low urgency
LN617434,ANON_0A79E9B6ED,Medium,RETAIL,8,1,2,0.02639003657589597,Low urgency
LN283568,ANON_15DB8893F1,Medium,RETAIL,19,2,2,0.02639003657589597,Low urgency
LN318579,ANON_020838D477,Medium,RETAIL,24,1,2,0.02639003657589597,Low urgency
LN828668,ANON_47A588F7A2,Medium,RETAIL,17,2,2,0.02639003657589597,Low urgency
LN236472,ANON_3D5037325B,Medium,RETAIL,6,1,2,0.02639003657589597,Low urgency
LN652525,ANON_5A778D81F1,Medium,RETAIL,9,1,2,0.02639003657589597,Low urgency
LN562879,ANON_71A116E70D,Medium,RETAIL,15,1,2,0.02639003657589597,Low urgency
LN202748,ANON_181929093E,Medium,RETAIL,21,2,2,0.02639003657589597,Low urgency
LN791634,ANON_6122FA08CE,Medium,RETAIL,20,2,2,0.02639003657589597,Low urgency
LN167082,ANON_B24318B6D1,Medium,RETAIL,22,2,2,0.02639003657589597,Low urgency
LN326053,ANON_49AB911F5C,Medium,RETAIL,7,2,1,0.0009437919463087,Low urgency
LN343309,ANON_1C1552057F,Medium,RETAIL,29,2,1,0.0009437919463087,Low urgency
LN114950,ANON_09C752D5CC,Medium,RETAIL,26,2,1,0.0009437919463087,Low urgency
LN891540,ANON_41F65D0716,Medium,RETAIL,7,2,1,0.0009437919463087,Low urgency
LN988369,ANON_5795C4BE43,Medium,RETAIL,28,2,1,0.0009437919463087,Low urgency
LN203152,ANON_CCC76EE27A,Medium,RETAIL,27,1,1,0.0009437919463087,Low urgency
LN906495,ANON_C70FB7F7B7,Medium,RETAIL,29,1,1,0.0009437919463087,Low urgency
LN223355,ANON_D28A04BEFE,Medium,RETAIL,28,1,1,0.0009437919463087,Low urgency
LN332459,ANON_06F45551B1,Medium,RETAIL,7,1,1,0.0009437919463087,Low urgency
LN263564,ANON_D908CD0B34,Medium,RETAIL,18,1,1,0.0009437919463087,Low urgency
LN324172,ANON_05150B21FF,Medium,RETAIL,23,1,1,0.0009437919463087,Low urgency
LN238987,ANON_6C2BDF8F51,Medium,RETAIL,26,2,1,0.0009437919463087,Low urgency
LN318068,ANON_51C655D3B7,Medium,SME,19,2,1,0.0009437919463087,Low urgency
LN312034,ANON_DCA06A9691,Medium,RETAIL,10,2,1,0.0009437919463087,Low urgency
LN362186,ANON_0E17F846F9,Medium,RETAIL,15,2,1,0.0009437919463087,Low urgency
LN256793,ANON_5419A57A25,Medium,RETAIL,9,2,1,0.0009437919463087,Low urgency
LN129576,ANON_A6EC0833B7,Medium,RETAIL,29,1,1,0.0009437919463087,Low urgency
LN923267,ANON_B482CA9741,Medium,RETAIL,24,1,1,0.0009437919463087,Low urgency
LN925803,ANON_C0DD17AC18,Medium,RETAIL,30,2,1,0.0009437919463087,Low urgency
LN968018,ANON_CD774F4A65,Medium,RETAIL,20,1,1,0.0009437919463087,Low urgency
LN284924,ANON_87D8FC793F,Medium,RETAIL,6,2,1,0.0009437919463087,Low urgency
LN718646,ANON_D2AD8272FD,Medium,RETAIL,14,2,1,0.0009437919463087,Low urgency
LN470082,ANON_94DD3470BF,Medium,RETAIL,14,2,1,0.0009437919463087,Low urgency
LN373003,ANON_08ED718FA7,Medium,RETAIL,29,1,1,0.0009437919463087,Low urgency
LN565519,ANON_06E5E8D3A2,Medium,SME,6,1,1,0.0009437919463087,Low urgency
LN581079,ANON_7300CF386E,Medium,RETAIL,8,1,1,0.0009437919463087,Low urgency
LN599233,ANON_1257181FD2,Medium,RETAIL,5,1,1,0.0009437919463087,Low urgency
LN792401,ANON_390B5B81DD,Medium,RETAIL,14,1,1,0.0009437919463087,Low urgency
LN782769,ANON_76BF6E93B4,Medium,RETAIL,11,1,1,0.0009437919463087,Low urgency
LN781784,ANON_C3FED0C219,Medium,RETAIL,22,2,1,0.0009437919463087,Low urgency
LN769646,ANON_9302615247,Medium,RETAIL,5,2,1,0.0009437919463087,Low urgency
LN755242,ANON_9CD4FBE0F4,Medium,CORPORATE,18,1,1,0.0009437919463087,Low urgency
LN754775,ANON_03EAE59E82,Medium,RETAIL,30,1,1,0.0009437919463087,Low urgency
LN648390,ANON_CA142A3DB1,Medium,RETAIL,26,1,1,0.0009437919463087,Low urgency
LN653747,ANON_6E446ED417,Medium,RETAIL,17,1,1,0.0009437919463087,Low urgency
LN744129,ANON_902A242184,Medium,RETAIL,23,2,1,0.0009437919463087,Low urgency
LN659922,ANON_FBB7325CAC,Medium,RETAIL,20,2,1,0.0009437919463087,Low urgency
LN660567,ANON_C64484E049,Medium,RETAIL,30,2,1,0.0009437919463087,Low urgency
LN671062,ANON_2D6D45C851,Medium,RETAIL,13,2,1,0.0009437919463087,Low urgency
LN690617,ANON_F8B0A8E9DB,Medium,RETAIL,7,2,1,0.0009437919463087,Low urgency
LN707307,ANON_15A5BA7498,Medium,RETAIL,23,2,1,0.0009437919463087,Low urgency
LN728098,ANON_212788BB45,Medium,RETAIL,17,1,1,0.0009437919463087,Low urgency
LN580408,ANON_1BF0C04F9E,Medium,RETAIL,8,1,1,0.0009437919463087,Low urgency
LN564094,ANON_2AA67702C6,Medium,SME,18,1,1,0.0009437919463087,Low urgency
LN391129,ANON_E79B67DA64,Medium,RETAIL,11,2,1,0.0009437919463087,Low urgency
LN809203,ANON_85B7B26D57,Medium,RETAIL,20,2,1,0.0009437919463087,Low urgency
LN411823,ANON_A99EBA5DDB,Medium,RETAIL,19,1,1,0.0009437919463087,Low urgency
LN421497,ANON_CAFD86A9AA,Medium,RETAIL,26,2,1,0.0009437919463087,Low urgency
LN425846,ANON_0CB6035182,Medium,RETAIL,23,1,1,0.0009437919463087,Low urgency
LN437632,ANON_2217137CD9,Medium,RETAIL,17,1,1,0.0009437919463087,Low urgency
LN858479,ANON_E43DB1500B,Medium,RETAIL,10,1,1,0.0009437919463087,Low urgency
LN854992,ANON_B461511D0A,Medium,RETAIL,18,1,1,0.0009437919463087,Low urgency
LN453534,ANON_AF03AC2921,Medium,RETAIL,10,1,1,0.0009437919463087,Low urgency
LN464993,ANON_93AB767292,Medium,RETAIL,30,1,1,0.0009437919463087,Low urgency
LN713627,ANON_B5CA244098,Medium,RETAIL,21,2,1,0.0009437919463087,Low urgency
LN471992,ANON_C440C41B1F,Medium,RETAIL,24,2,1,0.0009437919463087,Low urgency
LN475965,ANON_9710AD9B61,Medium,RETAIL,11,2,1,0.0009437919463087,Low urgency
LN841647,ANON_2028E0E324,Medium,RETAIL,15,1,1,0.0009437919463087,Low urgency
LN483248,ANON_1914921677,Medium,RETAIL,7,1,1,0.0009437919463087,Low urgency
LN497776,ANON_9D0E98367D,Medium,RETAIL,26,1,1,0.0009437919463087,Low urgency
LN506648,ANON_FDEFFA475B,Medium,RETAIL,10,2,1,0.0009437919463087,Low urgency
LN527707,ANON_431CA0B849,Medium,RETAIL,7,1,1,0.0009437919463087,Low urgency
LN530709,ANON_AE3008218E,Medium,SME,8,2,1,0.0009437919463087,Low urgency
LN101016,ANON_9EE02B6987,Medium,SME,24,1,1,0.0009437919463087,Low urgency
